[
  {
    "id": "1742214350311",
    "title": "dwefddfs",
    "content": "ciao",
    "image": "/uploads/image-1742214350308.jpg",
    "date": "17/03/2025, 13:25:50",
    "author": "prova1",
    "likes": 42,
    "comments": [
      {
        "author": "prova1",
        "text": "wesh"
      }
    ]
  },
  {
    "id": "1742248073243",
    "title": "wesh",
    "content": "sdfdsfsaf",
    "image": "/uploads/image-1742248073238.png",
    "date": "17/03/2025, 22:47:53",
    "author": "prova2",
    "likes": 14,
    "comments": []
  }
]